Яндекс Толока - достойный заработок за простые задания в интернете,http://katalogsajtov.ru/sajt/toloka.yandex.ru,"Один из лучших веб-сервисов по заработку в сети от Яндекса, который позволяет заработать каждому. Также данный сервис полезен для заказчиков, который позволяет автоматизировать бизнес в интернете и многое другое.",16
Socpublic - сервис где можно самим продвигать сайты и зарабатывать онлайн,http://katalogsajtov.ru/sajt/socpublic.com,"Socpublic.com - популярный сервис, где самим можно раскручивать свои сайты, улучшая поведенческие факторы и активность пользователей. Так же можно выполнять разные задания и получать за это деньги.",33
Отзовик - отзывы обо всём и возможность заработать на написании своих отзывов,http://katalogsajtov.ru/sajt/otzovik.com,"Otzovik.com - популярный сайт отзывов, на котором можно искать и читать отзывы о самых разных вещах. Так же это хороший заработок онлайн, где Вы будете получать реальные деньги за просмотры ваших больших и уникальных отзывов.",7
Bolshoyvopros.ru - все вопросы и ответы в одном месте и работа онлайн,http://katalogsajtov.ru/sajt/bolshoyvopros.ru,Большой Вопрос - найдите ответ на интересующий Вас вопрос или просто задайте вопрос. Так же вы можете заработать на дельных ответах и интересных вопросах.,1
Boosty - платформа для монетизации авторского контента,http://katalogsajtov.ru/sajt/boosty.to,"Boosty.to - сервис платных подписок, на котором авторы могут зарабатывать реальные деньги со своих подписчиков.",2
Директ адверт - тизерная реклама в интернете и заработок владельца сайта,http://katalogsajtov.ru/sajt/directadvert.ru,Directadvert.ru - хороший способ получения трафика на сайт при помощи данной рекламной сети. На сайте так же есть возможность заработать вебмастерам.,4
Текст ру - биржа копирайтинга и удалённая работа на дому,http://katalogsajtov.ru/sajt/text.ru,Text.ru - данный сервис даёт возможность заказать уникальные тексты у специалистов и заработок в сети для копирайтеров.,3
Бинанс - платформа для инвестирования в криптовалюты,http://katalogsajtov.ru/sajt/binance.com,"Binance - одна из самых известных трейдинговых площадок в мире для инвестирования в криптовалюты. На Binance.com можно покупать Биткоин (BTC), Эфириум (ETH), Тетхер (USDT) и другие.",1
Бесплатные советы и помощь юристов онлайн для населения стран СНГ,http://katalogsajtov.ru/sajt/9111.ru,9111.ru - бесплатная помощь юристов в режиме онлайн для стран СНГ. Так же сайт предлагает зарабатывать юристам с каждого ВИП вопроса и за счёт личных консультаций.,0
Адвего - биржа копирайтинга и работа в интернете онлайн,http://katalogsajtov.ru/sajt/advego.com,"Advego.com - популярная биржа копирайтинга в России. На данном сервисе можно заказывать наполнение сайта, авторские статьи и так же заработать на написании текстов.",2
Заказ качественного контента и работа копирайтером на бирже копирайтинга eTXT.ru,http://katalogsajtov.ru/sajt/etxt.ru,eTXT.ru - биржа уникального и качественного контента для наполнения сайтов и удалённая работа копирайтером.,1
Sape - сервис для продвижения сайтов в интернете и для онлайн заработка в сети,http://katalogsajtov.ru/sajt/sape.ru,Sape.ru - здесь можно продвинуть сайт в поисковых системах. Так же есть сервис автоматического продвижения для новичков и заработок для копирайтеров.,2
Rtb sape заработок для владельцев сайтов,http://katalogsajtov.ru/sajt/rtb.sape.ru,Rtb sape ru - эффективная монетизация трафика для владельцев сайтов.,10
Миралинкс - естественное продвижение веб-сайтов и заработок онлайн,http://katalogsajtov.ru/sajt/miralinks.ru,"Miralinks.ru - онлайн сервис, где можно продвигать сайт статьями. Так же можно зарабатывать на своём сайте размещая статьи и ещё можно зарабатывать как вебмастер и копирайтер предлагая свои статьи для размещения на своём сайте.",1
Гогетлинкс - российская биржа по размещению вечных ссылок,http://katalogsajtov.ru/sajt/gogetlinks.net,"Gogetlinks.net - сервис по продвижению сайтов вечными ссылками, статьями и короткими заметками. Вдобавок можно зарабатывать и вебмастерам, размещая ссылки на сайтах.",1
Travelpayouts - хороший заработок на туристическом трафике,http://katalogsajtov.ru/sajt/travelpayouts.com,"Travelpayouts.com - партнёрская программа для вебмастеров и не только, где можно зарабатывать на авиабилетах и отелях размещая рекламные материалы на своём сайте, социальных сетях и форумах.",2
Копилансер - биржа качественного копирайтинга и заработок для авторов,http://katalogsajtov.ru/sajt/copylancer.ru,"Copylancer.ru - здесь можно заказывать качественные тексты для веб-ресурсов и покупать готовые статьи, а также предлагается интересный заработок для авторов статей и текстов для сайтов.",1
Advertur - рекламная баннерная сеть в интернете,http://katalogsajtov.ru/sajt/advertur.ru,Advertur.ru - баннерная реклама для бизнеса и для монетизации вашего сайта с оплатой за клики и показы.,1
"Ротапост - покупка рекламы на сайтах, блогах, твиттере и заработок вебмастеру",http://katalogsajtov.ru/sajt/rotapost.ru,Rotapost.ru - здесь вы можете разместить рекламу на блогах и веб-сайтах и купить твиты для сайта. А ещё вы можете зарабатывать на своих веб-ресурсах и блогах.,0
"Блогун - реклама в социальных сетях, блогах и работа для вебмастера",http://katalogsajtov.ru/sajt/blogun.ru,Blogun.ru - система для размещения рекламы в блогах и в самых популярных социальных сетях. Можно зарабатывать деньги размещая платные публикации на своём блоге или на своей странице в социальной сети.,1
Текстброкер - бюро копирайтинга и заработок на контенте,http://katalogsajtov.ru/sajt/textbroker.ru,Textbroker.ru - заказ уникальных и качественных текстов для заказчиков и работа на дому для копирайтеров.,1
"Birds Bank - бизнес игра, где надо продавать птичьи яйца и зарабатывать",http://katalogsajtov.ru/informaciya-o-sajte/birds-bank.com,"Birds-bank.com - игра, которая реально платит деньги, всё что нужно так, это собирать и продавать виртуальные птичьи яйца. Заработанные деньги можно выводить на известные платёжные системы и даже на банковскую карту.",20
"Рич бёрдс - браузерная игра, где можно играть и зарабатывать",http://katalogsajtov.ru/informaciya-o-sajte/rich-birds.com,Rich-birds.com - онлайн игра с выводом реальных денег. Покупайте птиц и собирайте яйца. Продайте яйца и получите за них серебро. Вы можете менять серебро на реальные деньги.,6
"New birds - игра, которая приносит реальные деньги",http://katalogsajtov.ru/informaciya-o-sajte/new-birds.com,"New-birds.com - браузерная игра, в которой можно зарабатывать реальные деньги продавая яйца птиц. Чем больше у вас птиц, тем больше вы можете заработать.",5
Likwel - инновационная платформа для пассивного заработка,http://katalogsajtov.ru/informaciya-o-sajte/likwel.com,"Likwel Limited — это инновационная компания, которая специализируется на майнинге, криптовалютах, акциях и облигациях. Клиенты Likwel могут получать пассивный доход от 0.55 до 2.25 процентов в день.",6
Xaindex - крипто платформа для инвестирования и заработка,http://katalogsajtov.ru/informaciya-o-sajte/xaindex.ai,"На крипто платформе Xaindex.ai можно получать от 0.4% и выше в день в популярной криптовалюте USDT. Компания инвестирует в криптовалюту, новые технологии и инновации.",6
